observation_date,NGDPRSAXDCKRQ
1960-01-01,7530100
1960-04-01,7878400
1960-07-01,7788800
1960-10-01,7834300
1961-01-01,8081800
1961-04-01,8431400
1961-07-01,8279500
1961-10-01,8386200
1962-01-01,8551100
1962-04-01,8387500
1962-07-01,8640800
1962-10-01,8900800
1963-01-01,9407900
1963-04-01,9176400
1963-07-01,9492500
1963-10-01,9509900
1964-01-01,10057100
1964-04-01,9762300
1964-07-01,10436900
1964-10-01,10873600
1965-01-01,10988000
1965-04-01,11002300
1965-07-01,10936000
1965-10-01,11211800
1966-01-01,11868100
1966-04-01,12604900
1966-07-01,12400500
1966-10-01,12564700
1967-01-01,12971700
1967-04-01,13256500
1967-07-01,13823000
1967-10-01,13911300
1968-01-01,14750800
1968-04-01,15011800
1968-07-01,15831900
1968-10-01,15503500
1969-01-01,16266500
1969-04-01,16883400
1969-07-01,18296300
1969-10-01,18566200
1970-01-01,18254500
1970-04-01,19063700
1970-07-01,19213800
1970-10-01,20598700
1971-01-01,20739900
1971-04-01,21485500
1971-07-01,21525400
1971-10-01,21595400
1972-01-01,22003900
1972-04-01,22679300
1972-07-01,23012100
1972-10-01,23912600
1973-01-01,24863100
1973-04-01,25899400
1973-07-01,27124300
1973-10-01,27439200
1974-01-01,28845800
1974-04-01,28663400
1974-07-01,29042400
1974-10-01,28937100
1975-01-01,29533300
1975-04-01,30780000
1975-07-01,31660500
1975-10-01,32674900
1976-01-01,33709800
1976-04-01,35174800
1976-07-01,35942900
1976-10-01,36353600
1977-01-01,36753800
1977-04-01,38566500
1977-07-01,40925700
1977-10-01,42409500
1978-01-01,42149400
1978-04-01,43433800
1978-07-01,44285500
1978-10-01,46349200
1979-01-01,48541200
1979-04-01,48849100
1979-07-01,47467000
1979-10-01,46756500
1980-01-01,47272000
1980-04-01,46962700
1980-07-01,47827000
1980-10-01,46631400
1981-01-01,48571000
1981-04-01,49711800
1981-07-01,51715600
1981-10-01,52665200
1982-01-01,53051200
1982-04-01,54194600
1982-07-01,55298900
1982-10-01,57281000
1983-01-01,59706700
1983-04-01,61414500
1983-07-01,63773500
1983-10-01,64534400
1984-01-01,67142500
1984-04-01,68657000
1984-07-01,69809800
1984-10-01,70350700
1985-01-01,72078900
1985-04-01,73807700
1985-07-01,74802200
1985-10-01,77179100
1986-01-01,78418900
1986-04-01,81654700
1986-07-01,85381500
1986-10-01,86676500
1987-01-01,89176800
1987-04-01,93998400
1987-07-01,95056000
1987-10-01,96719500
1988-01-01,104030400
1988-04-01,102150400
1988-07-01,105616600
1988-10-01,108646800
1989-01-01,108617400
1989-04-01,110439300
1989-07-01,113588100
1989-10-01,117924200
1990-01-01,119159600
1990-04-01,121845800
1990-07-01,126163700
1990-10-01,128569200
1991-01-01,133273100
1991-04-01,135544500
1991-07-01,138631000
1991-10-01,142201000
1992-01-01,144661600
1992-04-01,145750700
1992-07-01,145926100
1992-10-01,148222700
1993-01-01,151302000
1993-04-01,155120800
1993-07-01,157958300
1993-10-01,161068400
1994-01-01,165850700
1994-04-01,168612400
1994-07-01,171330800
1994-10-01,178271700
1995-01-01,182209400
1995-04-01,185683600
1995-07-01,189589100
1995-10-01,193183400
1996-01-01,197063400
1996-04-01,200858600
1996-07-01,204565900
1996-10-01,208158900
1997-01-01,209163500
1997-04-01,216503800
1997-07-01,218621300
1997-10-01,217284700
1998-01-01,202695900
1998-04-01,201114300
1998-07-01,205049800
1998-10-01,210160900
1999-01-01,216688000
1999-04-01,226088500
1999-07-01,232582600
1999-10-01,238809500
2000-01-01,243573100
2000-04-01,247325900
2000-07-01,254117200
2000-10-01,253273000
2001-01-01,255820800
2001-04-01,259678300
2001-07-01,262985600
2001-10-01,266982900
2002-01-01,274419900
2002-04-01,279643700
2002-07-01,284837500
2002-10-01,287527500
2003-01-01,285982500
2003-04-01,286171600
2003-07-01,290747700
2003-10-01,298161400
2004-01-01,302404300
2004-04-01,304926100
2004-07-01,305706200
2004-10-01,308211900
2005-01-01,311097100
2005-04-01,316930100
2005-07-01,321379300
2005-10-01,325066900
2006-01-01,330234400
2006-04-01,332617800
2006-07-01,337830800
2006-10-01,340636500
2007-01-01,346675000
2007-04-01,352543600
2007-07-01,356718200
2007-10-01,363742300
2008-01-01,366484800
2008-04-01,367818800
2008-07-01,370260100
2008-10-01,357768200
2009-01-01,358711700
2009-04-01,363561000
2009-07-01,374652000
2009-10-01,377396300
2010-01-01,386238500
2010-04-01,392479000
2010-07-01,396469600
2010-10-01,402066000
2011-01-01,405904800
2011-04-01,407666700
2011-07-01,409552300
2011-10-01,412298900
2012-01-01,416240700
2012-04-01,417998000
2012-07-01,419861600
2012-10-01,422987500
2013-01-01,426342400
2013-04-01,431160100
2013-07-01,435484700
2013-10-01,439300300
2014-01-01,442669900
2014-04-01,446872400
2014-07-01,448023500
2014-10-01,450409200
2015-01-01,454302800
2015-04-01,456256600
2015-07-01,463025500
2015-10-01,466604000
2016-01-01,468400300
2016-04-01,474271500
2016-07-01,476105600
2016-10-01,479773700
2017-01-01,485209500
2017-04-01,488730600
2017-07-01,495435100
2017-10-01,494356900
2018-01-01,501490000
2018-04-01,505448900
2018-07-01,508214800
2018-10-01,510948600
2019-01-01,511117500
2019-04-01,518034200
2019-07-01,519435700
2019-10-01,524395000
2020-01-01,517226900
2020-04-01,503562300
2020-07-01,514942200
2020-10-01,522735100
2021-01-01,531069700
2021-04-01,538270800
2021-07-01,538184300
2021-10-01,547618100
2022-01-01,550176900
2022-04-01,555670400
2022-07-01,557103500
2022-10-01,554877300
2023-01-01,556108300
2023-04-01,559921400
2023-07-01,565273300
2023-10-01,569404400
2024-01-01,575171300
2024-04-01,574301700
2024-07-01,574618700
2024-10-01,575977000
2025-01-01,574984300
2025-04-01,578719200
2025-07-01,586599900
2025-10-01,585964000
2026-01-01,596692800
2026-04-01,600405700
