observation_date,NGDPRSAXDCAUQ
1959-07-01,80842
1959-10-01,81602
1960-01-01,82015
1960-04-01,84257
1960-07-01,84446
1960-10-01,84280
1961-01-01,84538
1961-04-01,83608
1961-07-01,83004
1961-10-01,83956
1962-01-01,86313
1962-04-01,87969
1962-07-01,88674
1962-10-01,90258
1963-01-01,92357
1963-04-01,91157
1963-07-01,94898
1963-10-01,96922
1964-01-01,96763
1964-04-01,99154
1964-07-01,99762
1964-10-01,102588
1965-01-01,103476
1965-04-01,105087
1965-07-01,104770
1965-10-01,105029
1966-01-01,104737
1966-04-01,106161
1966-07-01,109162
1966-10-01,109882
1967-01-01,114174
1967-04-01,114013
1967-07-01,116150
1967-10-01,117160
1968-01-01,116125
1968-04-01,120583
1968-07-01,122172
1968-10-01,126735
1969-01-01,125875
1969-04-01,128362
1969-07-01,130476
1969-10-01,133485
1970-01-01,136260
1970-04-01,139021
1970-07-01,138729
1970-10-01,139332
1971-01-01,141071
1971-04-01,141684
1971-07-01,146097
1971-10-01,145625
1972-01-01,143900
1972-04-01,147105
1972-07-01,146356
1972-10-01,147885
1973-01-01,151729
1973-04-01,152017
1973-07-01,153533
1973-10-01,157363
1974-01-01,157420
1974-04-01,154228
1974-07-01,156047
1974-10-01,156217
1975-01-01,156828
1975-04-01,161785
1975-07-01,159987
1975-10-01,157576
1976-01-01,164583
1976-04-01,165057
1976-07-01,166395
1976-10-01,167827
1977-01-01,166942
1977-04-01,169289
1977-07-01,168561
1977-10-01,168036
1978-01-01,169227
1978-04-01,170633
1978-07-01,173227
1978-10-01,174628
1979-01-01,179454
1979-04-01,176554
1979-07-01,178192
1979-10-01,181615
1980-01-01,182487
1980-04-01,182931
1980-07-01,183921
1980-10-01,187060
1981-01-01,187785
1981-04-01,190697
1981-07-01,194547
1981-10-01,193739
1982-01-01,192212
1982-04-01,193911
1982-07-01,192628
1982-10-01,189523
1983-01-01,187708
1983-04-01,187314
1983-07-01,192527
1983-10-01,195759
1984-01-01,200558
1984-04-01,202890
1984-07-01,204763
1984-10-01,205998
1985-01-01,209056
1985-04-01,213736
1985-07-01,216480
1985-10-01,215854
1986-01-01,217350
1986-04-01,216958
1986-07-01,217527
1986-10-01,221092
1987-01-01,223314
1987-04-01,226866
1987-07-01,230956
1987-10-01,235600
1988-01-01,236610
1988-04-01,236840
1988-07-01,238744
1988-10-01,242638
1989-01-01,244905
1989-04-01,250181
1989-07-01,252319
1989-10-01,251640
1990-01-01,253536
1990-04-01,253863
1990-07-01,252550
1990-10-01,253941
1991-01-01,250758
1991-04-01,250219
1991-07-01,251377
1991-10-01,251541
1992-01-01,253547
1992-04-01,255366
1992-07-01,257852
1992-10-01,263251
1993-01-01,265081
1993-04-01,266583
1993-07-01,266905
1993-10-01,271805
1994-01-01,276336
1994-04-01,279611
1994-07-01,281720
1994-10-01,284892
1995-01-01,284634
1995-04-01,285994
1995-07-01,292541
1995-10-01,292613
1996-01-01,297071
1996-04-01,298977
1996-07-01,301413
1996-10-01,304194
1997-01-01,306359
1997-04-01,315516
1997-07-01,316000
1997-10-01,320517
1998-01-01,322488
1998-04-01,325884
1998-07-01,331945
1998-10-01,337067
1999-01-01,339582
1999-04-01,340901
1999-07-01,344645
1999-10-01,350488
2000-01-01,351872
2000-04-01,355338
2000-07-01,356306
2000-10-01,354859
2001-01-01,358221
2001-04-01,361444
2001-07-01,365512
2001-10-01,369855
2002-01-01,372745
2002-04-01,379233
2002-07-01,380108
2002-10-01,383279
2003-01-01,384182
2003-04-01,385753
2003-07-01,392261
2003-10-01,398899
2004-01-01,401910
2004-04-01,404944
2004-07-01,407624
2004-10-01,410710
2005-01-01,414089
2005-04-01,416015
2005-07-01,420512
2005-10-01,423912
2006-01-01,424243
2006-04-01,425448
2006-07-01,431836
2006-10-01,437165
2007-01-01,443184
2007-04-01,446128
2007-07-01,451354
2007-10-01,452939
2008-01-01,458030
2008-04-01,459711
2008-07-01,462813
2008-10-01,460801
2009-01-01,465513
2009-04-01,468525
2009-07-01,469982
2009-10-01,473770
2010-01-01,475949
2010-04-01,479006
2010-07-01,482198
2010-10-01,486229
2011-01-01,484903
2011-04-01,490846
2011-07-01,497511
2011-10-01,503039
2012-01-01,508399
2012-04-01,512069
2012-07-01,515083
2012-10-01,517341
2013-01-01,520159
2013-04-01,522083
2013-07-01,526314
2013-10-01,530419
2014-01-01,534667
2014-04-01,537231
2014-07-01,539397
2014-10-01,541390
2015-01-01,546692
2015-04-01,547224
2015-07-01,552637
2015-10-01,556034
2016-01-01,561181
2016-04-01,564778
2016-07-01,564810
2016-10-01,571330
2017-01-01,573227
2017-04-01,576511
2017-07-01,582038
2017-10-01,584318
2018-01-01,590527
2018-04-01,594694
2018-07-01,596975
2018-10-01,598406
2019-01-01,603121
2019-04-01,604669
2019-07-01,608155
2019-10-01,611732
2020-01-01,610772
2020-04-01,569303
2020-07-01,588877
2020-10-01,609061
2021-01-01,622761
2021-04-01,627429
2021-07-01,616398
2021-10-01,639065
2022-01-01,645474
2022-04-01,651311
2022-07-01,654278
2022-10-01,659867
2023-01-01,663632
2023-04-01,665940
2023-07-01,668408
2023-10-01,668625
2024-01-01,670929
2024-04-01,672062
2024-07-01,673895
2024-10-01,676864
2025-01-01,679519
2025-04-01,684822
2025-07-01,688271
2025-10-01,694551
2026-01-01,696539
2026-04-01,699461
